id;Consent_DIRt;CRT7_DIRt;ESM_DIRt;Goodbye_DIRt
1;1;0;0;DONE
10;1;1;-3;DONE
11;1;0;-2;DONE
12;1;1;4;DONE
13;1;1;2;DONE
14;1;0;1;DONE
15;1;0;1;DONE
16;1;0;5;DONE
17;1;0;-1;DONE
18;1;2;0;DONE
19;1;1;0;DONE
2;1;0;-5;DONE
20;1;0;3;DONE
21;1;1;0;DONE
22;1;1;-2;DONE
23;1;0;2;DONE
24;1;1;-1;DONE
25;1;0;5;DONE
26;1;1;3;DONE
27;1;0;4;DONE
28;1;0;-7;DONE
29;1;1;-2;DONE
3;1;0;8;DONE
30;1;1;2;DONE
4;1;0;-1;DONE
5;1;1;4;DONE
6;1;0;-3;DONE
7;1;1;-1;DONE
8;1;0;1;DONE
9;1;0;-3;DONE
